<?xml version="1.0"?>
<Index Version="1" Minor="0">
	<Repository value="/volume1/fturan/DDP/playground/2017-2018/work-packages/hw/rsa-project/src/ip_repo">
	</Repository>
	<IP>
		<VLNV value="user.org:user:axis_to_bram:1.0">
		</VLNV>
		<DisplayName value="axis_to_bram">
		</DisplayName>
		<Description value="My new AXI IP">
		</Description>
		<CoreRevision value="3">
		</CoreRevision>
		<ComponentPath value="axis_to_bram_1.0/component.xml">
		</ComponentPath>
		<Families>
			<Family name="zynq">
				<Part status="Pre-Production" name="ALL">
				</Part>
			</Family>
		</Families>
		<Taxonomies>
			<Taxonomy value="AXI_Peripheral">
			</Taxonomy>
		</Taxonomies>
		<LockPrevVersions value="false">
		</LockPrevVersions>
		<Interfaces>
			<Interface value="AXI4-Stream">
			</Interface>
		</Interfaces>
	</IP>
	<IP>
		<VLNV value="user.org:user:my_montgomery:1.01">
		</VLNV>
		<DisplayName value="my_montgomery_v1.0">
		</DisplayName>
		<Description value="My new AXI IP">
		</Description>
		<CoreRevision value="25">
		</CoreRevision>
		<ComponentPath value="my_montgomery_1.0/component.xml">
		</ComponentPath>
		<Families>
			<Family name="zynq">
				<Part status="Pre-Production" name="ALL">
				</Part>
			</Family>
		</Families>
		<Taxonomies>
			<Taxonomy value="AXI_Peripheral">
			</Taxonomy>
		</Taxonomies>
		<UpgradesFrom>
			<Upgrade value="user.org:user:my_montgomery:1.0">
			</Upgrade>
		</UpgradesFrom>
		<LockPrevVersions value="false">
		</LockPrevVersions>
		<Interfaces>
			<Interface value="AXI4">
			</Interface>
		</Interfaces>
	</IP>
	<IP>
		<VLNV value="user.org:user:testbench_axilite_master:1.0">
		</VLNV>
		<DisplayName value="testbench_axilite_master_v1.0">
		</DisplayName>
		<Description value="My new AXI IP">
		</Description>
		<CoreRevision value="1">
		</CoreRevision>
		<ComponentPath value="testbench_axilite_master_1.0/component.xml">
		</ComponentPath>
		<Families>
			<Family name="zynq">
				<Part status="Pre-Production" name="ALL">
				</Part>
			</Family>
		</Families>
		<Taxonomies>
			<Taxonomy value="AXI_Peripheral">
			</Taxonomy>
		</Taxonomies>
		<LockPrevVersions value="false">
		</LockPrevVersions>
		<Interfaces>
			<Interface value="AXI4">
			</Interface>
		</Interfaces>
	</IP>
</Index>

